DN	本能	300	0	0	0	0	0	0	0	0	100
DN1	生存	300	0	0	0	0	0	100	0	0	0
D1	活着	300	0	0	0	0	0	300	0	0	100
D101	身体健全	300	0	0	0	0	0	100	0	0	100
D101-R1	四肢健全	300	0	0	0	0	0	100	0	0	100
D101-R2	说话健全	300	0	0	0	0	0	100	0	0	100
D101-R3	大脑健全	300	0	0	0	0	0	0	0	0	100
D101-R4	呼吸健全	300	0	0	0	0	0	0	0	0	100
D101-R5	生育健全	300	0	0	0	0	0	0	0	0	100
D102	躲避	150	0	0	0	0	0	0	0	200	0
D102-R6	逃跑	100	0	0	0	0	0	0	0	300	0
D102-R7	躲藏	100	0	0	0	0	0	0	0	200	0
D102-R8	伪装	50	0	0	0	0	0	0	0	200	0
D102-R9	示弱	100	0	0	0	0	0	0	0	200	0
D102-R10	投降	200	0	0	0	0	0	0	0	300	0
D103	攻击	350	0	0	0	0	0	300	0	0	0
D103-R11	追逐	200	0	0	0	0	0	0	0	200	0
D103-R12	殴打	350	0	0	0	0	0	350	0	0	0
D103-R13	陷害	300	0	0	0	0	0	0	0	0	300
D103-R14	辱骂	350	0	0	0	0	0	0	0	0	350
D103-R15	恐吓	200	0	0	0	0	0	0	0	200	0
D104	呼吸	300	0	0	0	0	0	300	0	0	0
D104-R16	吸烟	200	0	0	0	0	0	200	0	0	0
D104-R17	吸毒	300	0	0	0	0	0	300	0	0	0
D104-R18	毒气	300		0	0	0	0	300	0	0	0
D104-R19	空气	100	0	0	0	0	0	100	0	0	0
D104-R20	气压	100	0	0	0	0	0	100	0	0	0
D2	死亡	0	0	0	0	0	0	0	0	400	0
D201	疾病	0	0	0	0	0	0	300	0	0	0
D201-R21	绝症	0	0	0	0	0	0	400	0	0	0
D201-R22	慢性	0	0	0	0	0	0	100	0	0	0
D201-R23	急性	0	0	0	0	0	0	300	0	0	0
D201-R24	心理疾病	0	0	0	0	0	0	300	0	0	0
D201-R25	脑部疾病	0	0	0	0	0	0	300	0	0	0
D201-R26	肺部疾病	0	0	0	0	0	0	300	0	0	0
D201-R27	胃部疾病	0	0	0	0	0	0	300	0	0	0
D201-R28	皮肤疾病	0	0	0	0	0	0	300	0	0	0
D201-R29	四肢疾病	0	0	0	0	0	0	300	0	0	0
D201-R30	其他疾病	0	0	0	0	0	0	300	0	0	0
D202	自杀	0	0	0	0	0	0	400	0	0	0
D202-R31	自残	0	0	0	0	0	0	300	0	0	0
D202-R32	服毒	0	0	0	0	0	0	300	0	0	0
D202-R33	撞击	0	0	0	0	0	0	400	0	0	0
D202-R34	窒息	0	0	0	0	0	0	400	0	0	0
D202-R35	饿死	0	0	0	0	0	0	400	0	0	0
D203	灾难	200	0	0	0	0	0	150	0	0	0
D203-R36	地震	200	0	0	0	0	0	150	0	0	0
D203-R37	水灾	200	0	0	0	0	0	150	0	0	0
D203-R38	火灾	200	0	0	0	0	0	150	0	0	0
D203-R39	暴风	200	0	0	0	0	0	150	0	0	0
D203-R40	旱灾	200	0	0	0	0	0	150	0	0	0
D203-R41	战争	200	0	0	0	0	0	200	0	0	0
D203-R42	极寒	200	0	0	0	0	0	400	0	0	0
D204	衰老	200	0	0	0	0	0	400	0	0	0
D204-R43	身体衰老	100	0	0	0	0	0	400	0	0	0
D204-R44	外貌衰老	100	0	0	0	0	0	400	0	0	0
D204-R45	行为衰老	100	0	0	0	0	0	400	0	0	0
D204-R46	大脑衰退	100	0	0	0	0	0	400	0	0	0
D204-R47	语言衰退	100	0	0	0	0	0	400	0	0	0
DN2	食物	300	0	0	0	0	0	300	0	0	0
D3	吃	300	0	0	0	0	0	300	0	0	0
D301	吃辣	100	0	0	0	0	0	100	0	0	0
D301-R48	辣舌	350	0	0	0	0	0	100	0	0	0
D301-R49	辣嘴	350	0	0	0	0	0	100	0	0	0
D301-R50	麻辣	350	0	0	0	0	0	100	0	0	0
D301-R51	辛辣	350	0	0	0	0	0	100	0	0	0
D301-R52	辣度	350	0	0	0	0	0	100	0	0	0
D302	吃酸	300	0	0	0	0	0	100	0	0	0
D302-R53	醋酸	300	0	0	0	0	0	100	0	0	0
D302-R54	乳酸	300	0	0	0	0	0	100	0	0	0
D302-R55	柠檬酸	300	0	0	0	0	0	100	0	0	0
D302-R56	苹果酸	300	0	0	0	0	0	100	0	0	0
D302-R57	葡萄酸	300	0	0	0	0	0	100	0	0	0
D302-R58	酸度	300	0	0	0	0	0	100	0	0	0
D303	吃甜	300	0	0	0	0	0	100	0	0	0
D303-R59	果糖	300	0	0	0	0	0	100	0	0	0
D303-R60	蔗糖	300	0	0	0	0	0	100	0	0	0
D303-R61	乳糖	300	0	0	0	0	0	100	0	0	0
D303-R62	蜂蜜	300	0	0	0	0	0	100	0	0	0
D303-R63	甜度	300	0	0	0	0	0	100	0	0	0
D304	吃苦	100	0	0	0	0	0	300	0	0	0
D304-R64	咖啡苦	100	0	0	0	0	0	100	0	0	0
D304-R65	茶苦	100	0	0	0	0	0	100	0	0	0
D304-R66	干涩	100	0	0	0	0	0	100	0	0	0
D304-R67	药苦	100	0	0	0	0	0	300	0	0	0
D304-R68	苦度	100	0	0	0	0	0	100	0	0	0
D305	吃咸	100	0	0	0	0	0	100	0	0	0
D305-R69	食盐	100	0	0	0	0	0	100	0	0	0
D305-R70	酱油	100	0	0	0	0	0	100	0	0	0
D305-R71	味精	100	0	0	0	0	0	100	0	0	0
D305-R72	海藻咸	100	0	0	0	0	0	100	0	0	0
D305-R73	腌制咸	100	0	0	0	0	0	100	0	0	0
D305-R74	调味咸	100	0	0	0	0	0	100	0	0	0
D305-R75	咸度	100	0	0	0	0	0	100	0	0	0
D4	喝	300	0	0	0	0	0	100	0	0	0
D401	喝热	300	0	0	0	0	0	100	0	0	0
D401-R76	喝烫	350	0	0	0	0	0	100	0	0	0
D401-R77	喝温	300	0	0	0	0	0	100	0	0	0
D401-R78	喝暖	300	0	0	0	0	0	100	0	0	0
D401-R79	湿热	300	0	0	0	0	0	100	0	0	0
D401-R80	热温度	50	0	0	0	0	0	100	0	0	0
D402	喝冷	50	0	0	0	0	0	100	0	0	0
D402-R81	喝冰	50	0	0	0	0	0	100	0	0	0
D402-R82	喝凉	50	0	0	0	0	0	100	0	0	0
D402-R83	喝冻	50	0	0	0	0	0	300	0	0	0
D402-R84	湿冷	50	0	0	0	0	0	100	0	0	0
D402-R85	冷温度	100	0	0	0	0	0	100	0	0	0
D403	饮品	100	0	0	0	0	0	100	0	0	0
D403-R86	咖啡	100	0	0	0	0	0	100	0	0	0
D403-R87	茶饮	100	0	0	0	0	0	100	0	0	0
D403-R88	乳饮	100	0	0	0	0	0	100	0	0	0
D403-R89	粥饮	100	0	0	0	0	0	100	0	0	0
D403-R90	汤品	100	0	0	0	0	0	100	0	0	0
D403-R91	粘稠度	100	0	0	0	0	0	100	0	0	0
D404	酒精	300	0	0	0	0	0	300	0	0	0
D404-R92	白酒	300	0	0	0	0	0	300	0	0	0
D404-R93	红酒	150	0	0	0	0	0	150	0	0	0
D404-R94	啤酒	150	0	0	0	0	0	150	0	0	0
D404-R95	黄酒	150	0	0	0	0	0	150	0	0	0
D404-R96	清酒	100	0	0	0	0	0	100	0	0	0
D404-R97	果酒	100	0	0	0	0	0	100	0	0	0
D404-R98	鸡尾酒	150	0	0	0	0	0	150	0	0	0
D404-R99	其他酒	100	0	0	0	0	0	100	0	0	0
D404-R100	酒精度	100	0	0	0	0	0	100	0	0	0
D405	药物	50	0	0	0	0	0	300	0	0	0
D405-R101	中药	50	0	0	0	0	0	300	0	0	0
D405-R102	西药	50	0	0	0	0	0	300	0	0	0
D405-R103	违禁药	50	0	0	0	0	0	300	0	0	0
D405-R104	毒药	50	0	0	0	0	0	300	0	0	0
D405-R105	药效	100	0	0	0	0	0	300	0	0	0
DN3	休息	300	0	0	0	0	0	100	0	0	0
D5	休息	300	0	0	0	0	0	150	0	0	0
D501	懒惰	300	0	0	0	0	0	100	0	0	0
D501-R106	懒床	300	0	0	0	0	0	100	0	0	0
D501-R107	懒散	300	0	0	0	0	0	100	0	0	0
D501-R108	拖延	300	0	0	0	0	0	100	0	0	0
D501-R109	颓废	300	0	0	0	0	0	100	0	0	0
D501-R110	宅	300	0	0	0	0	0	100	0	0	0
D502	安静	300	0	0	0	0	0	100	0	0	0
D502-R111	沉默	200	0	0	0	0	0	100	0	0	0
D502-R112	发呆	100	0	0	0	0	0	100	0	0	0
D502-R113	走神	0	0	0	0	0	0	150	0	0	0
D502-R114	静坐	300	0	0	0	0	0	150	0	0	0
D502-R115	独处	300	0	0	0	0	0	150	0	0	0
D503	休闲	300	0	0	0	0	0	0	100	0	0
D503-R116	游戏	400	0	0	0	0	0	0	100	0	0
D503-R117	棋牌	100	0	0	0	0	0	0	100	0	0
D503-R118	烹饪	100	0	0	0	0	0	0	100	0	0
D503-R119	户外	100	0	0	0	0	0	0	100	0	0
D503-R120	按摩	300	0	0	0	0	0	0	100	0	0
D6	睡眠	300	0	0	0	0	0	0	0	0	100
D601	睡眠环境	300	0	0	0	0	0	0	0	0	100
D601-R121	床	300	0	0	0	0	0	0	0	0	100
D601-R122	床垫	300	0	0	0	0	0	0	0	0	100
D601-R123	光线	300	0	0	0	0	0	0	0	0	100
D601-R124	噪音	100	0	0	0	0	0	0	0	0	100
D601-R125	睡眠地点	300	0	0	0	0	0	0	0	0	100
D602	睡眠质量	300	0	0	0	0	0	0	0	0	100
D602-R126	睡眠时长	300	0	0	0	0	0	0	0	0	100
D602-R127	睡眠做梦	300	0	0	0	0	0	0	0	0	100
D602-R128	睡眠姿势	300	0	0	0	0	0	0	0	0	100
D602-R129	睡眠伴侣	300	0	0	0	0	0	0	0	0	100
D602-R130	睡眠深度	300	0	0	0	0	0	0	0	0	100
D603	昏迷	50	0	0	0	0	0	100	0	0	0
D603-R131	浅昏迷	50	0	0	0	0	0	100	0	0	0
D603-R132	深昏迷	50	0	0	0	0	0	100	0	0	0
D603-R133	慢性昏迷	50	0	0	0	0	0	100	0	0	0
D603-R134	临时昏迷	50	0	0	0	0	0	100	0	0	0
D603-R135	昏迷时长	50	0	0	0	0	0	100	0	0	0
DN4	性爱	499	0	0	0	0	0	0	0	150	0
D7	生理	499	0	0	0	0	0	0	0	150	0
D701	性高潮	499	0	0	0	0	0	0	0	150	0
D701-R136	阴蒂高潮	499	0	0	0	0	0	0	0	150	0
D701-R137	射精高潮	499	0	0	0	0	0	0	0	150	0
D701-R138	多重高潮	499	0	0	0	0	0	0	0	150	0
D701-R139	全身高潮	499	0	0	0	0	0	0	0	150	0
D701-R140	高潮频率	499	0	0	0	0	0	0	0	150	0
D702	性刺激	450	0	0	0	0	0	0	0	150	0
D702-R141	性抚摸刺激	450	0	0	0	0	0	0	0	150	0
D702-R142	性声音刺激	450	0	0	0	0	0	0	0	150	0
D702-R143	性视觉刺激	450	0	0	0	0	0	0	0	150	0
D702-R144	性幻想刺激	450	0	0	0	0	0	0	0	150	0
D702-R145	性语言刺激	450	0	0	0	0	0	0	0	150	0
D703	性场景	450	0	0	0	0	0	0	0	150	0
D703-R146	卧室性场景	450	0	0	0	0	0	0	0	150	0
D703-R147	户外性场景	450	0	0	0	0	0	0	0	150	0
D703-R148	情趣性场景	450	0	0	0	0	0	0	0	150	0
D703-R149	虚拟性场景	450	0	0	0	0	0	0	0	150	0
D703-R150	其他性场景	450	0	0	0	0	0	0	0	150	0
D704	性功能	450	0	0	0	0	0	0	0	150	0
D704-R151	性时长	450	0	0	0	0	0	0	0	150	0
D704-R152	性勃起	450	0	0	0	0	0	0	0	150	0
D704-R153	性频率	450	0	0	0	0	0	0	0	150	0
D704-R154	性器官	450	0	0	0	0	0	0	0	150	0
D704-R155	生殖力	450	0	0	0	0	0	0	0	150	0
D705	性行为	450	0	0	0	0	0	0	0	150	0
D705-R156	阴道性交	450	0	0	0	0	0	0	0	150	0
D705-R157	非阴道性交	450	0	0	0	0	0	0	0	150	0
D705-R158	群体性交	450	0	0	0	0	0	0	0	150	0
D705-R159	手淫自慰	450	0	0	0	0	0	0	0	150	0
D705-R160	道具性交	450	0	0	0	0	0	0	0	150	0
D8	心理	400	0	0	0	0	0	0	0	150	0
D801	性癖好	400	0	0	0	0	0	0	0	150	0
D801-R161	BDSM	400	0	0	0	0	0	0	0	150	0
D801-R162	展示癖	400	0	0	0	0	0	0	0	150	0
D801-R163	窥视癖	400	0	0	0	0	0	0	0	150	0
D801-R164	制服癖	400	0	0	0	0	0	0	0	150	0
D801-R165	其他癖	400	0	0	0	0	0	0	0	150	0
D802	性取向	400	0	0	0	0	0	0	0	150	0
D802-R166	性取向	400	0	0	0	0	0	0	0	150	0
D802-R167	同性恋	400	0	0	0	0	0	0	0	150	0
D802-R168	异性恋	400	0	0	0	0	0	0	0	150	0
D802-R169	双性恋	400	0	0	0	0	0	0	0	150	0
D802-R170	泛性恋	400	0	0	0	0	0	0	0	150	0
D802-R171	无性恋	400	0	0	0	0	0	0	0	150	0
D803	性和谐	400	0	0	0	0	0	0	0	150	0
D803-R172	性前戏	400	0	0	0	0	0	0	0	150	0
D803-R173	性交流	400	0	0	0	0	0	0	0	150	0
D803-R174	性中戏	400	0	0	0	0	0	0	0	150	0
D803-R175	性后戏	400	0	0	0	0	0	0	0	150	0
D803-R176	性满意	400	0	0	0	0	0	0	0	150	0
D804	性冒险	400	0	0	0	0	0	0	0	150	0
D804-R177	性出轨	400	0	0	0	0	0	0	0	150	0
D804-R178	性换妻	400	0	0	0	0	0	0	0	150	0
D804-R179	性滥交	400	0	0	0	0	0	0	0	150	0
D804-R180	性交易	400	0	0	0	0	0	0	0	150	0
D804-R181	危险性行为	400	0	0	0	0	0	0	0	150	0
D805	性变态	400	0	0	0	0	0	0	0	150	0
D805-R182	性虐待	400	0	0	0	0	0	0	0	150	0
D805-R183	性暴力	400	0	0	0	0	0	0	0	150	0
D805-R184	恋尸癖	400	0	0	0	0	0	0	0	150	0
D805-R185	恋童癖	400	0	0	0	0	0	0	0	150	0
D805-R186	性依赖	400	0	0	0	0	0	0	0	150	0
DS	社会	300	0	0	0	0	0	0	0	0	150
DS1	社交	200	0	0	0	0	0	0	0	0	150
D9	亲情	300	0	0	0	0	0	0	0	0	150
D901	家庭	300	0	0	0	0	0	0	0	0	150
D901-R187	房屋	300	0	0	0	0	0	0	0	0	150
D901-R188	籍贯	300	0	0	100	0	0	0	0	0	150
D901-R189	家人	300	0	0	0	0	0	0	0	0	150
D901-R190	经济状况	300	0	0	0	0	0	0	0	0	150
D901-R191	社会阶层	200	0	0	0	0	0	0	0	0	150
D902	血缘	300	0	0	0	0	0	0	0	0	150
D902-R192	父亲	300	0	0	0	0	0	0	0	0	150
D902-R193	母亲	300	0	0	0	0	0	0	0	0	150
D902-R194	孩子	300	0	0	0	0	0	0	0	0	150
D902-R195	祖辈	300	0	0	0	0	0	0	0	0	150
D902-R196	兄弟姐妹	300	0	0	0	0	0	0	0	0	150
D903	孝顺	100	0	0	0	0	0	0	0	0	150
D903-R197	孝敬	100	0	0	0	0	0	0	0	0	150
D903-R198	尊老	100	0	0	0	0	0	0	0	0	150
D903-R199	爱幼	100	0	0	0	0	0	0	0	0	150
D903-R200	帮扶家人	100	0	0	0	0	0	0	0	0	150
D903-R201	陪伴家人	300	0	0	0	0	0	0	0	0	150
D904	宗族	100	0	0	0	0	0	0	0	0	150
D904-R202	祖训	100	0	0	0	0	0	0	0	0	150
D904-R203	亲属	300	0	0	0	0	0	0	0	0	150
D904-R204	祭祀	300	0	0	0	0	0	0	0	0	150
D904-R205	家谱	200	0	0	0	0	0	0	0	0	150
D904-R206	继承	200	0	0	0	0	0	0	0	0	150
D905	教育	300	0	0	0	0	0	0	0	0	150
D905-R207	学前教育	300	0	0	0	0	0	0	0	0	150
D905-R208	小学教育	300	0	0	0	0	0	0	0	0	150
D905-R209	中学教育	300	0	0	0	0	0	0	0	0	150
D905-R210	高中教育	300	0	0	0	0	0	0	0	0	150
D905-R211	大学教育	300	0	0	0	0	0	0	0	0	150
D905-R212	成人教育	300	0	0	0	0	0	0	0	0	150
D905-R213	老年教育	300	0	0	0	0	0	0	0	0	150
D905-R214	海外教育	300	0	0	0	0	0	0	0	0	150
D905-R215	其他教育	300	0	0	0	0	0	0	0	0	150
D10	友情	200	0	0	0	0	0	0	0	0	150
D1001	朋友	200	0	0	0	0	0	0	0	0	150
D1001-R216	陌生人	200	0	0	150	0	0	0	0	0	150
D1001-R217	熟人	100	0	0	0	0	0	0	0	0	150
D1001-R218	好友	200	0	0	0	0	0	0	0	0	150
D1001-R219	知己	200	0	0	0	0	0	0	0	0	150
D1001-R220	同学	200	0	0	0	0	0	0	0	0	150
D1001-R221	同事	200	0	0	0	0	0	0	0	0	150
D1002	合作	200	0	0	0	0	0	0	0	0	150
D1002-R222	契约	100	0	0	0	0	0	0	0	0	150
D1002-R223	竞争	100	50	0	150	0	0	0	0	0	150
D1002-R224	共赢	100	0	0	0	0	0	0	0	0	150
D1002-R225	团队	100	0	0	0	0	0	0	0	0	150
D1002-R226	信任	200	0	0	0	0	0	0	0	0	150
D1003	帮助	200	0	0	0	0	0	0	0	0	150
D1003-R227	指导	100	0	0	0	0	0	0	0	0	150
D1003-R228	提醒	100	0	0	0	0	0	0	0	0	150
D1003-R229	援助	100	0	0	0	0	0	0	0	0	150
D1003-R230	救助	100	0	0	0	0	0	0	0	0	150
D1003-R231	赠予	100	0	0	0	0	0	0	0	0	150
D1004	娱乐	350	0	0	0	0	0	0	0	0	150
D1004-R232	唱歌	350	0	0	0	0	0	0	0	0	150
D1004-R233	跳舞	350	0	0	0	0	0	0	0	0	150
D1004-R234	聚会	350	0	0	0	0	0	0	0	0	150
D1004-R235	社团	300	0	0	0	0	0	0	0	0	150
D1004-R236	活动	300	0	0	0	0	0	0	0	0	150
D1005	八卦	350	0	0	0	0	0	0	0	0	150
D1005-R237	新闻	100	0	0		0	0	0	0	0	150
D1005-R238	隐私	350	0	0	0	0	0	0	0	0	150
D1005-R239	谣言	100	0	0	0	0	0	0	0	0	150
D1005-R240	奇事	350	0	0	0	0	0	0	0	0	150
D1005-R241	谎言	100	0	0	0	0	0	0	0	0	150
D11	爱情	400	0	0	0	0	0	0	0	0	150
D1101	恋爱	300	0	0	0	0	0	0	0	0	150
D1101-R242	单身	200	0	0	0	0	0	200	0	0	150
D1101-R243	初恋	300	0	0	0	0	0	0	0	0	150
D1101-R244	热恋	400	0	0	0	0	0	0	0	0	150
D1101-R245	虐恋	100	0	0	0	0	0	300	0	0	150
D1101-R246	失恋	50	0	0	0	0	0	400	0	0	150
D1102	婚姻	300	0	0	0	0	0	0	0	0	150
D1102-R247	试婚	100	0	0	0	0	0	0	0	0	150
D1102-R248	结婚	300	0	0	0	0	0	0	0	0	150
D1102-R249	婚礼	300	20	0	0	0	0	0	0	0	150
D1102-R250	分居	100	0	0	0	0	0	0	0	0	150
D1102-R251	离婚	50	0	0	0	0	0	0	0	0	150
D1103	恋爱伴侣	300	0	0	0	0	0	0	0	0	150
D1103-R252	师生恋	300	0	0	0	0	0	0	0	0	150
D1103-R253	姐弟恋	300	0	0	0	0	0	0	0	0	150
D1103-R254	朋友恋	300	0	0	0	0	0	0	0	0	150
D1103-R255	夕阳恋	300	0	0	0	0	0	0	0	0	150
D1103-R256	同学恋	300	0	0	0	0	0	0	0	0	150
D1103-R257	跨国恋	300	0	0	0	0	0	0	0	0	150
D1103-R258	恋物癖	300	0	0	0	0	0	0	0	0	150
D1103-R259	其他伴侣	300	0	0	0	0	0	0	0	0	150
D1104	情感	350	0	0	0	0	0	0	0	0	150
D1104-R260	情感冷淡	100	0	0	0	0	0	\	\	\	150
D1104-R261	情感孤独	50	0	0	0	0	0	0	0	0	150
D1104-R262	情感喜欢	300	0	0	0	0	0	0	0	0	150
D1104-R263	情感依赖	300	0	0	0	0	0	0	0	0	150
D1104-R264	情感甜蜜	350	0	0	0	0	0	0	0	0	150
D1104-R265	情感破裂	50	0	0	0	0	0	0	0	0	150
D1104-R266	情感时间	100	0	0	0	0	0	0	0	0	150
D1105	利益	200	0	0	0	0	0	0	0	0	150
D1105-R267	家庭地位	200	0	0	0	0	0	0	0	0	150
D1105-R268	生育子女	200	0	0	0	0	0	0	0	0	150
D1105-R269	家庭财产	200	0	0	0	0	0	0	0	0	150
D1105-R270	性爱权力	200	0	0	0	0	0	0	0	0	150
D1105-R271	遗产继承	200	0	0	0	0	0	0	0	0	150
DS2	审美	250	0	0	0	0	0	0	150	0	0
D12	视觉	250	0	0	0	0	0	0	150	0	0
D1201	艺术	250	0	0	0	0	0	0	150	0	0
D1201-R272	绘画	250	0	0	0	0	0	0	150	0	0
D1201-R273	摄影	250	0	0	0	0	0	0	150	0	0
D1201-R274	设计	250	0	0	0	0	0	0	150	0	0
D1201-R275	影视	250	0	0	0	0	0	0	150	0	0
D1201-R276	舞蹈	250	0	0	0	0	0	0	150	0	0
D1202	风景	250	0	0	0	0	0	0	150	0	0
D1202-R277	山峰	250	0	0	0	0	0	0	150	0	0
D1202-R278	河流	250	0	0	0	0	0	0	150	0	0
D1202-R279	大海	250	0	0	0	0	0	0	150	0	0
D1202-R280	森林	250	0	0	0	0	0	0	150	0	0
D1202-R281	天气	250	0	0	0	0	0	0	150	0	0
D1203	空间	250	0	0	0	0	0	0	150	0	0
D1203-R282	建筑	250	0	0	0	0	0	0	150	0	0
D1203-R283	雕塑	250	0	0	0	0	0	0	150	0	0
D1203-R284	装置	250	0	0	0	0	0	0	150	0	0
D1203-R285	光影	250	0	0	0	0	0	0	150	0	0
D1203-R286	场景	250	0	0	0	0	0	0	150	0	0
D1204	颜色	300	0	0	0	0	0	0	150	0	0
D1204-R287	冷色	50	0	0	0	0	0	0	150	0	0
D1204-R288	暖色	300	0	0	0	0	0	0	150	0	0
D1204-R289	亮度	250	0	0	0	0	0	0	150	0	0
D1204-R290	混色	250	0	0	0	0	0	0	150	0	0
D1204-R291	色值	250	0	0	0	0	0	0	150	0	0
D1205	颜值	350	0	0	0	0	0	0	150	0	0
D1205-R292	端正	250	0	0	0	0	0	0	150	0	0
D1205-R293	优雅	250	0	0	0	0	0	0	150	0	0
D1205-R294	帅气	350	0	0	0	0	0	0	150	0	0
D1205-R295	普通	50	0	0	0	0	0	0	150	0	0
D1205-R296	丑陋	50	0	0	0	0	0	0	150	0	0
D13	听觉	350	0	0	0	0	0	0	150	0	0
D1301	音乐	350	0	0	0	0	0	0	150	0	0
D1301-R297	古典	300	0	0	0	0	0	0	150	0	0
D1301-R298	流行	250	0	0	0	0	0	0	150	0	0
D1301-R299	摇滚	350	0	0	0	0	0	0	150	0	0
D1301-R300	爵士	350	0	0	0	0	0	0	150	0	0
D1301-R301	蓝调	300	0	0	0	0	0	0	150	0	0
D1301-R302	乡村	300	0	0	0	0	0	0	150	0	0
D1301-R303	乐器	100	0	0	0	0	0	0	150	0	0
D1301-R304	音色	100	0	0	0	0	0	0	150	0	0
D1302	语言	100	0	0	0	0	0	0	150	0	0
D1302-R305	语种	100	0	0	0	0	0	0	150	0	0
D1302-R306	语气	300	0	0	0	0	0	0	150	0	0
D1302-R307	语速	300	0	0	0	0	0	0	150	0	0
D1302-R308	语法	100	0	0	0	0	0	0	150	0	0
D1302-R309	语言习惯	100	0	0	0	0	0	0	150	0	0
D1303	称谓	100	0	0	0	0	0	0	150	0	0
D1303-R310	性别称谓	100	0	0	0	0	0	0	150	0	0
D1303-R311	年龄称谓	100	0	0	0	0	0	0	150	0	0
D1303-R312	职业称谓	100	0	0	0	0	0	0	150	0	0
D1303-R313	社会称谓	100	0	0	0	0	0	0	150	0	0
D1303-R314	个人称谓	100	0	0	0	0	0	0	150	0	0
D1304	自然音	200	0	0	0	0	0	0	150	0	0
D1304-R315	雨声	200	0	0	0	0	0	0	150	0	0
D1304-R316	风声	200	0	0	0	0	0	0	150	0	0
D1304-R317	动物声	200	0	0	0	0	0	0	150	0	0
D1304-R318	海浪声	200	0	0	0	0	0	0	150	0	0
D1304-R319	爆炸声	200	0	0	0	0	0	0	150	0	0
D1305	频率	200	0	0	0	0	0	0	150	0	0
D1305-R320	低音	200	0	0	0	0	0	0	150	0	0
D1305-R321	中音	200	0	0	0	0	0	0	150	0	0
D1305-R322	高音	200	0	0	0	0	0	0	150	0	0
D1305-R323	超高音	200	0	0	0	0	0	0	150	0	0
D1305-R324	频率值	200	0	0	0	0	0	0	150	0	0
D14	嗅觉	200	0	0	0	0	0	0	150	0	0
D1401	香味	200	0	0	0	0	0	0	150	0	0
D1401-R325	植物香	200	0	0	0	0	0	0	150	0	0
D1401-R326	动物香	200	0	0	0	0	0	0	150	0	0
D1401-R327	食物香	200	0	0	0	0	0	0	150	0	0
D1401-R328	香水味	200	0	0	0	0	0	0	150	0	0
D1401-R329	香味浓度	200	0	0	0	0	0	0	150	0	0
D1402	臭味	50	0	0	0	0	0	0	150	0	0
D1402-R330	自然臭	50	0	0	0	0	0	0	150	0	0
D1402-R331	化学臭	50	0	0	0	0	0	0	150	0	0
D1402-R332	燃烧臭	50	0	0	0	0	0	0	150	0	0
D1402-R333	食品臭	50	0	0	0	0	0	0	150	0	0
D1402-R334	臭味浓度	50	0	0	0	0	0	0	150	0	0
D1403	刺激味	50	0	0	0	0	0	0	150	0	0
D1403-R335	自然刺激味	50	0	0	0	0	0	0	150	0	0
D1403-R336	工业刺激味	50	0	0	0	0	0	0	150	0	0
D1403-R337	植物刺激味	50	0	0	0	0	0	0	150	0	0
D1403-R338	动物刺激味	50	0	0	0	0	0	0	150	0	0
D1403-R339	其他刺激味	50	0	0	0	0	0	0	150	0	0
D1404	体味	250	0	0	0	0	0	0	150	0	0
D1404-R340	人体味	250	0	0	0	0	0	0	150	0	0
D1404-R341	汗味	250	0	0	0	0	0	0	150	0	0
D1404-R342	腋味	250	0	0	0	0	0	0	150	0	0
D1404-R343	口腔味	250	0	0	0	0	0	0	150	0	0
D1404-R344	其他异味	250	0	0	0	0	0	0	150	0	0
D15	触觉	300	0	0	0	0	0	0	150	0	0
D1501	体感	300	0	0	0	0	0	0	150	0	0
D1501-R345	痒感	200	0	0	0	0	0	0	150	0	0
D1501-R346	湿润	100	0	0	0	0	0	0	150	0	0
D1501-R347	柔软	300	0	0	0	0	0	0	150	0	0
D1501-R348	疼痛	50	0	0	0	0	0	0	150	0	0
D1501-R349	酸痛	50	0	0	0	0	0	0	150	0	0
D1501-R350	麻痹	50	0	0	0	0	0	0	150	0	0
D1501-R351	无感	50	0	0	0	0	0	0	150	0	0
D1502	礼仪	350	0	0	0	0	0	0	150	0	0
D1502-R352	握手	100	0	0	0	0	0	0	150	0	0
D1502-R353	拥抱	300	0	0	0	0	0	0	150	0	0
D1502-R354	亲吻	350	0	0	0	0	0	0	150	0	0
D1502-R355	抚摸	300	0	0	0	0	0	0	150	0	0
D1502-R356	牵手	200	0	0	0	0	0	0	150	0	0
D1502-R357	击掌	100	0	0	0	0	0	0	150	0	0
D1502-R358	碰拳	200	0	0	0	0	0	0	150	0	0
D1502-R359	碰肩	350	0	0	0	0	0	0	150	0	0
D1502-R360	碰肘	350	0	0	0	0	0	0	150	0	0
D1502-R361	祈祷	300	0	0	0	0	0	0	150	0	0
D1503	运动	350	0	0	0	0	0	0	150	0	0
D1503-R362	有氧运动	350	0	0	0	0	0	0	150	0	0
D1503-R363	力量训练	350	0	0	0	0	0	0	150	0	0
D1503-R364	灵活训练	350	0	0	0	0	0	0	150	0	0
D1503-R365	平衡训练	350	0	0	0	0	0	0	150	0	0
D1503-R366	功能训练	350	0	0	0	0	0	0	150	0	0
D1503-R367	运动时长	350	0	0	0	0	0	0	150	0	0
D1503-R368	运动环境	350	0	0	0	0	0	0	150	0	0
D1503-R369	运动装备	350	0	0	0	0	0	0	150	0	0
D1503-R370	运动服务	350	0	0	0	0	0	0	150	0	0
D1504	服装	250	0	0	0	0	0	0	150	0	0
D1504-R371	服装款式	250	0	0	0	0	0	0	150	0	0
D1504-R372	服装材质	250	0	0	0	0	0	0	150	0	0
D1504-R373	服装尺寸	250	0	0	0	0	0	0	150	0	0
D1504-R374	服装做工	250	0	0	0	0	0	0	150	0	0
D1504-R375	服装设计	250	0	0	0	0	0	0	150	0	0
DS3	物质	350	0	0	0	0	0	0	0	0	200
D16	金钱	350	0	0	0	0	0	0	0	0	200
D1601	赚钱	200	0	0	0	0	0	0	0	0	200
D1601-R376	打工	100	0	0	0	0	0	0	0	0	200
D1601-R377	创业	200	0	0	0	0	0	0	0	0	200
D1601-R378	生意	200	0	0	0	0	0	0	0	0	200
D1601-R379	乞讨	100	0	0	0	0	0	0	0	0	200
D1601-R380	偏财	350	0	0	0	0	0	0	0	0	200
D1602	花钱	200	0	0	0	0	0	0	0	0	200
D1602-R381	生活开支	200	0	0	0	0	0	0	0	0	200
D1602-R382	教育开支	200	0	0	0	0	0	0	0	0	200
D1602-R383	医疗开支	200	0	0	0	0	0	0	0	0	200
D1602-R384	爱好开支	200	0	0	0	0	0	0	0	0	200
D1602-R385	社交开支	200	0	0	0	0	0	0	0	0	200
D1603	骗钱	350	0	0	0	0	0	0	0	0	200
D1603-R386	网络诈骗	350	0	0	0	0	0	0	0	0	200
D1603-R387	旁氏骗局	350	0	0	0	0	0	0	0	0	200
D1603-R388	虚假广告	350	0	0	0	0	0	0	0	0	200
D1603-R389	情感诈骗	350	0	0	0	0	0	0	0	0	200
D1603-R390	集资诈骗	350	0	0	0	0	0	0	0	0	200
D1603-R391	冒用身份	350	0	0	0	0	0	0	0	0	200
D1604	抢钱	350	0	0	0	0	0	0	0	0	200
D1604-R392	抢劫	350	0	0	0	0	0	0	0	0	200
D1604-R393	盗窃	350	0	0	0	0	0	0	0	0	200
D1604-R394	绑架	350	0	0	0	0	0	0	0	0	200
D1604-R395	勒索	350	0	0	0	0	0	0	0	0	200
D1604-R396	贪污	350	0	0	0	0	0	0	0	0	200
D1605	印钱	350	0	0	0	0	0	0	0	0	200
D1605-R397	自然资源	350	0	0	0	0	0	0	0	0	200
D1605-R398	发行股票	350	0	0	0	0	0	0	0	0	200
D1605-R399	发行货币	350	0	0	0	0	0	0	0	0	200
D1605-R400	释放贷款	350	0	0	0	0	0	0	0	0	200
D1605-R401	积分代币	350	0	0	0	0	0	0	0	0	200
D17	收藏	200	0	0	0	0	0	0	150	0	0
D1701	收集	200	0	0	0	0	0	0	150	0	0
D1701-R402	收集邮币卡	200	0	0	0	0	0	0	150	0	0
D1701-R403	收集玩具	200	0	0	0	0	0	0	150	0	0
D1701-R404	收集知识	200	0	0	0	0	0	0	150	0	0
D1701-R405	收集音乐	200	0	0	0	0	0	0	150	0	0
D1701-R406	收集珠宝	200	0	0	0	0	0	0	150	0	0
D1701-R407	收集自然	200	0	0	0	0	0	0	150	0	0
D1701-R408	收集古董	200	0	0	0	0	0	0	150	0	0
D1701-R409	收集程度	200	0	0	0	0	0	0	150	0	0
D1702	囤积	200	0	0	0	0	0	0	150	0	0
D1702-R410	食品囤积	200	0	0	0	0	0	0	150	0	0
D1702-R411	货币囤积	200	0	0	0	0	0	0	150	0	0
D1702-R412	商品囤积	200	0	0	0	0	0	0	150	0	0
D1702-R413	房产囤积	200	0	0	0	0	0	0	150	0	0
D1702-R414	药品囤积	200	0	0	0	0	0	0	150	0	0
D1702-R415	能源囤积	200	0	0	0	0	0	0	150	0	0
D1702-R416	日用囤积	200	0	0	0	0	0	0	150	0	0
D1702-R417	土地囤积	200	0	0	0	0	0	0	150	0	0
D1702-R418	囤积数量	200	0	0	0	0	0	0	150	0	0
D1703	珍藏	200	0	0	0	0	0	0	150	0	0
D1703-R419	珍藏孤品	200	0	0	0	0	0	0	150	0	0
D1703-R420	珍藏古董	200	0	0	0	0	0	0	150	0	0
D1703-R421	珍藏书籍	200	0	0	0	0	0	0	150	0	0
D1703-R422	珍藏好酒	200	0	0	0	0	0	0	150	0	0
D1703-R423	珍藏文玩	200	0	0	0	0	0	0	150	0	0
D1703-R424	珍藏价值	200	0	0	0	0	0	0	150	0	0
D1704	纪念	200	0	0	0	0	0	0	150	0	0
D1704-R425	纪念日	200	0	0	0	0	0	0	150	0	0
D1704-R426	纪念品	200	0	0	0	0	0	0	150	0	0
D1704-R427	纪念物	200	0	0	0	0	0	0	150	0	0
D1704-R428	纪念活动	200	0	0	0	0	0	0	150	0	0
D1704-R429	纪念历史	200	0	0	0	0	0	0	150	0	0
D1704-R430	纪念文学	200	0	0	0	0	0	0	150	0	0
D1704-R431	纪念仪式	200	0	0	0	0	0	0	150	0	0
D18	交易	200	0	0	0	0	0	0	150	0	0
D1801	购买	200	0	0	0	0	0	0	150	0	0
D1801-R432	消费	200	0	0	0	0	0	0	150	0	0
D1801-R433	拍卖	200	0	0	0	0	0	0	150	0	0
D1801-R434	线下购物	200	0	0	0	0	0	0	150	0	0
D1801-R435	网上购物	200	0	0	0	0	0	0	150	0	0
D1801-R436	消费金额	200	0	0	0	0	0	0	150	0	0
D1802	投资	350	0	0	0	0	0	0	150	0	0
D1802-R437	股票投资	350	0	0	0	0	0	0	150	0	0
D1802-R438	债券投资	350	0	0	0	0	0	0	150	0	0
D1802-R439	期货投资	350	0	0	0	0	0	0	150	0	0
D1802-R440	风险投资	350	0	0	0	0	0	0	150	0	0
D1802-R441	基金投资	350	0	0	0	0	0	0	150	0	0
D1802-R442	股权投资	350	0	0	0	0	0	0	150	0	0
D1802-R443	房产投资	350	0	0	0	0	0	0	150	0	0
D1802-R444	投资周期	350	0	0	0	0	0	0	150	0	0
D1802-R445	投资金额	350	0	0	0	0	0	0	150	0	0
D1802-R446	投资策略	350	0	0	0	0	0	0	150	0	0
D1803	交换	200	0	0	0	0	0	0	150	0	0
D1803-R447	物物交换	200	0	0	0	0	0	0	150	0	0
D1803-R448	现货交换	200	0	0	0	0	0	0	150	0	0
D1803-R449	服务交换	200	0	0	0	0	0	0	150	0	0
D1803-R450	时间交换	200	0	0	0	0	0	0	150	0	0
D1803-R451	身体交换	200	0	0	0	0	0	0	150	0	0
D1804	出售	200	0	0	0	0	0	0	150	0	0
D1804-R452	出售劳力	200	0	0	0	0	0	0	150	0	0
D1804-R453	出售产品	200	0	0	0	0	0	0	150	0	0
D1804-R454	出售时间	200	0	0	0	0	0	0	150	0	0
D1804-R455	出售服务	200	0	0	0	0	0	0	150	0	0
D1804-R456	出售身体	200	0	0	0	0	0	0	150	0	0
D1804-R457	出售知识	200	0	0	0	0	0	0	150	0	0
D1804-R458	出售技能	200	0	0	0	0	0	0	150	0	0
D1804-R459	出售规则	200	0	0	0	0	0	0	150	0	0
D1805	赠予	200	0	0	0	0	0	0	150	0	0
D1805-R460	捐款	200	0	0	0	0	0	0	150	0	0
D1805-R461	捐物	200	0	0	0	0	0	0	150	0	0
D1805-R462	献血	200	0	0	0	0	0	0	150	0	0
D1805-R463	义工	200	0	0	0	0	0	0	150	0	0
D1805-R464	公益	200	0	0	0	0	0	0	150	0	0
DS4	掌控	350	0	0	0	0	0	0	0	0	150
D19	占有	350	0	0	0	0	0	0	0	0	150
D1901	索取	350	0	0	0	0	0	0	0	0	150
D1901-R465	请求	100	0	0	0	0	0	0	0	0	150
D1901-R466	申请	200	0	0	0	0	0	0	0	0	150
D1901-R467	索赔	100	0	0	0	0	0	0	0	0	150
D1901-R468	借用	100	0	0	0	0	0	0	0	0	150
D1901-R469	赊账	200	0	0	0	0	0	0	0	0	150
D1901-R470	征税	50	0	0	0	0	0	0	0	0	150
D1901-R471	维权	300	0	0	0	0	0	0	0	0	150
D1902	掠夺	350	0	0	0	0	0	0	0	0	150
D1902-R472	掠夺资源	350	0	0	0	0	0	0	0	0	150
D1902-R473	掠夺时间	350	0	0	0	0	0	0	0	0	150
D1902-R474	掠夺空间	350	0	0	0	0	0	0	0	0	150
D1902-R475	掠夺生命	350	0	0	0	0	0	0	0	0	150
D1902-R476	掠夺财富	350	0	0	0	0	0	0	0	0	150
D1903	杀戮	350	0	0	0	0	0	0	0	0	150
D0903-R477	战争	350	0	0	0	0	0	0	0	0	150
D0903-R478	屠宰	350	0	0	0	0	0	0	0	0	150
D0903-R479	死刑	350	0	0	0	0	0	0	0	0	150
D0903-R480	猎杀	350	0	0	0	0	0	0	0	0	150
D0903-R481	杀戮习惯	350	0	0	0	0	0	0	0	0	150
D1904	控制	350	0	0	0	0	0	0	0	0	150
D1904-R482	信息控制	350	0	0	0	0	0	0	0	0	150
D1904-R483	法律控制	350	0	0	0	0	0	0	0	0	150
D1904-R484	宗教控制	350	0	0	0	0	0	0	0	0	150
D1904-R485	文化控制	350	0	0	0	0	0	0	0	0	150
D1904-R486	军队控制	350	0	0	0	0	0	0	0	0	150
D1904-R487	资源控制	350	0	0	0	0	0	0	0	0	150
D1904-R488	生物控制	350	0	0	0	0	0	0	0	0	150
D1905	强迫	350	0	0	0	0	0	0	0	0	150
D1905-R489	强占	350	0	0	0	0	0	0	0	0	150
D1905-R490	强奸	350	0	0	0	0	0	0	0	0	150
D1905-R491	强暴	350	0	0	0	0	0	0	0	0	150
D1905-R492	强制	350	0	0	0	0	0	0	0	0	150
D1905-R493	强势	350	0	0	0	0	0	0	0	0	150
D20	权力	350	0	0	0	0	0	0	100	0	0
D2001	决策	350	0	0	0	0	0	0	100	0	0
D2001-R494	协商	100	0	0	0	0	0	0	100	0	0
D2001-R495	决定	300	0	0	0	0	0	0	100	0	0
D2001-R496	论证	300	0	0	0	0	0	0	100	0	0
D2001-R497	争议	350	0	0	0	0	0	0	100	0	0
D2001-R498	共识	350	0	0	0	0	0	0	100	0	0
D2001-R499	投票	350	0	0	0	0	0	0	100	0	0
D2002	命令	350	0	0	0	0	0	0	100	0	0
D2002-R500	直接命令	350	0	0	0	0	0	0	100	0	0
D2002-R501	间接命令	350	0	0	0	0	0	0	100	0	0
D2002-R502	法律命令	350	0	0	0	0	0	0	100	0	0
D2002-R503	紧急命令	350	0	0	0	0	0	0	100	0	0
D2002-R504	随机命令	200	0	0	0	0	0	0	100	0	0
D2003	指挥	350	0	0	0	0	0	0	100	0	0
D2003-R505	直接指挥	350	0	0	0	0	0	0	100	0	0
D2003-R506	间接指挥	350	0	0	0	0	0	0	100	0	0
D2003-R507	集中指挥	350	0	0	0	0	0	0	100	0	0
D2003-R508	分散指挥	350	0	0	0	0	0	0	100	0	0
D2003-R509	自由指挥	350	0	0	0	0	0	0	100	0	0
D2004	管理	150	0	0	0	0	0	0	100	0	0
D2004-R510	规划管理	150	0	0	0	0	0	0	100	0	0
D2004-R511	组织管理	150	0	0	0	0	0	0	100	0	0
D2004-R512	用人管理	150	0	0	0	0	0	0	100	0	0
D2004-R513	日常管理	150	0	0	0	0	0	0	100	0	0
D2004-R514	财务管理	150	0	0	0	0	0	0	100	0	0
D2004-R515	管理指标	150	0	0	0	0	0	0	100	0	0
D2005	平等	300	0	0	0	0	0	0	100	0	0
D2005-R516	生物平等	300	0	0	0	0	0	0	100	0	0
D2005-R517	人性平等	300	0	0	0	0	0	0	100	0	0
D2005-R518	地位平等	300	0	0	0	0	0	0	100	0	0
D2005-R519	性别平等	300	0	0	0	0	0	0	100	0	0
D2005-R520	种族平等	300	0	0	0	0	0	0	100	0	0
D2005-R521	法律平等	300	0	0	0	0	0	0	100	0	0
D2005-R522	教育平等	300	0	0	0	0	0	0	100	0	0
D2005-R523	财富平等	300	0	0	0	0	0	0	100	0	0
DS5	成就	350	0	0	0	0	0	0	100	0	0
D21	成功	350	0	0	0	0	0	0	100	0	0
D2101	努力	350	0	0	0	0	0	0	100	0	0
D2101-R524	努力拼搏	350	0	0	0	0	0	0	100	0	0
D2101-R525	努力坚强	350	0	0	0	0	0	0	100	0	0
D2101-R526	努力坚持	350	0	0	0	0	0	0	100	0	0
D2101-R527	努力前进	350	0	0	0	0	0	0	100	0	0
D2101-R528	努力程度	350	0	0	0	0	0	0	100	0	0
D2102	目标	350	0	0	0	0	0	0	100	0	0
D2102-R529	事业目标	350	0	0	0	0	0	0	100	0	0
D2102-R530	财富目标	350	0	0	0	0	0	0	100	0	0
D2102-R531	健康目标	350	0	0	0	0	0	0	100	0	0
D2102-R532	教育目标	350	0	0	0	0	0	0	100	0	0
D2102-R533	理想目标	350	0	0	0	0	0	0	100	0	0
D2102-R534	家庭目标	350	0	0	0	0	0	0	100	0	0
D2103	竞争	350	0	0	0	0	0	0	100	0	0
D2103-R535	竞技	350	0	0	0	0	0	0	100	0	0
D2103-R536	比赛	350	0	0	0	0	0	0	100	0	0
D2103-R537	垄断	350	0	0	0	0	0	0	100	0	0
D2103-R538	价格竞争	350	0	0	0	0	0	0	100	0	0
D2103-R539	产品竞争	350	0	0	0	0	0	0	100	0	0
D2103-R540	服务竞争	350	0	0	0	0	0	0	100	0	0
D2103-R541	品牌竞争	350	0	0	0	0	0	0	100	0	0
D2103-R542	人才竞争	350	0	0	0	0	0	0	100	0	0
D2103-R543	竞争策略	350	0	0	0	0	0	0	100	0	0
D2104	赢	350	0	0	0	0	0	0	100	0	0
D2104-R544	胜利	350	0	0	0	0	0	0	100	0	0
D2104-R545	共赢	350	0	0	0	0	0	0	100	0	0
D2104-R546	成绩	350	0	0	0	0	0	0	100	0	0
D2104-R547	名次	350	0	0	0	0	0	0	100	0	0
D2104-R548	运气	350	0	0	0	0	0	0	100	0	0
D22	荣誉	250	0	0	0	0	0	0	150	0	0
D2201	成名	250	0	0	0	0	0	0	150	0	0
D2201-R549	头衔	250	0	0	0	0	0	0	150	0	0
D2201-R550	名人	250	0	0	0	0	0	0	150	0	0
D2201-R551	知名度	250	0	0	0	0	0	0	150	0	0
D2201-R552	影响力	250	0	0	0	0	0	0	150	0	0
D2201-R553	权威	250	0	0	0	0	0	0	150	0	0
D2202	经历	250	0	0	0	0	0	0	150	0	0
D2202-R554	学校经历	250	0	0	0	0	0	0	150	0	0
D2202-R555	科研经历	250	0	0	0	0	0	0	150	0	0
D2202-R556	事业经历	250	0	0	0	0	0	0	150	0	0
D2202-R557	成长经历	250	0	0	0	0	0	0	150	0	0
D2202-R558	生活经历	250	0	0	0	0	0	0	150	0	0
D2203	获奖	250	0	0	0	0	0	0	150	0	0
D2203-R559	学校获奖	250	0	0	0	0	0	0	150	0	0
D2203-R560	艺术获奖	250	0	0	0	0	0	0	150	0	0
D2203-R561	体育获奖	250	0	0	0	0	0	0	150	0	0
D2203-R562	商业获奖	250	0	0	0	0	0	0	150	0	0
D2203-R563	社会获奖	250	0	0	0	0	0	0	150	0	0
D2203-R564	科学获奖	250	0	0	0	0	0	0	150	0	0
D2203-R565	顶级奖项	250	0	0	0	0	0	0	150	0	0
D2203-R566	获奖次数	250	0	0	0	0	0	0	150	0	0
D2204	信仰	250	0	0	0	0	0	0	150	0	0
D2204-R567	信仰宗教	250	0	0	0	0	0	0	150	0	0
D2204-R568	信仰哲学	250	0	0	0	0	0	0	150	0	0
D2204-R569	信仰科学	250	0	0	0	0	0	0	150	0	0
D2204-R570	信仰政治	250	0	0	0	0	0	0	150	0	0
D2204-R571	信仰文化	250	0	0	0	0	0	0	150	0	0
D2204-R572	特殊信仰	250	0	0	0	0	0	0	150	0	0
D2204-R573	信仰程度	250	0	0	0	0	0	0	150	0	0
D2205	认可	250	0	0	0	0	0	0	150	0	0
D2205-R574	自我认可	250	0	0	0	0	0	0	150	0	0
D2205-R575	家庭认可	250	0	0	0	0	0	0	150	0	0
D2205-R576	学校认可	250	0	0	0	0	0	0	150	0	0
D2205-R577	社会认可	250	0	0	0	0	0	0	150	0	0
D2205-R578	专业认可	250	0	0	0	0	0	0	150	0	0
D2205-R579	法律认可	250	0	0	0	0	0	0	150	0	0
D2205-R580	文化认可	250	0	0	0	0	0	0	150	0	0
D2205-R581	认可程度	250	0	0	0	0	0	0	150	0	0
DD	深层欲望	350	0	0	0	0	250	0	0	0	0
DD1	爱	350	0	0	0	0	250	0	0	0	0
D23	悦己	350	0	0	0	0	250	0	0	0	0
D2301	接纳自己	350	0	0	0	0	250	0	0	0	0
D2301-R582	接纳身体	350	0	0	0	0	250	0	0	0	0
D2301-R583	接纳过去	350	0	0	0	0	250	0	0	0	0
D2301-R584	接纳才能	350	0	0	0	0	250	0	0	0	0
D2301-R585	接纳观点	350	0	0	0	0	250	0	0	0	0
D2301-R586	接纳失败	350	0	0	0	0	250	0	0	0	0
D2301-R587	接纳方式	350	0	0	0	0	250	0	0	0	0
D2302	欣赏自己	350	0	0	0	0	250	0	0	0	0
D2302-R588	欣赏身体	350	0	0	0	0	250	0	0	0	0
D2302-R589	欣赏过去	350	0	0	0	0	250	0	0	0	0
D2302-R590	欣赏才能	350	0	0	0	0	250	0	0	0	0
D2302-R591	欣赏观点	350	0	0	0	0	250	0	0	0	0
D2302-R592	欣赏特质	350	0	0	0	0	250	0	0	0	0
D2302-R593	欣赏方式	350	0	0	0	0	250	0	0	0	0
D2303	疼惜自己	350	0	0	0	0	250	0	0	0	0
D2303-R594	疼惜身体	350	0	0	0	0	250	0	0	0	0
D2303-R595	疼惜经历	350	0	0	0	0	250	0	0	0	0
D2303-R596	疼惜才能	350	0	0	0	0	250	0	0	0	0
D2303-R597	疼惜心灵	350	0	0	0	0	250	0	0	0	0
D2303-R598	疼惜方式	350	0	0	0	0	250	0	0	0	0
D2304	讨好自己	350	0	0	0	0	250	0	0	0	0
D2304-R599	讨好身体	350	0	0	0	0	250	0	0	0	0
D2304-R600	讨好心灵	350	0	0	0	0	250	0	0	0	0
D2304-R601	讨好方式	350	0	0	0	0	250	0	0	0	0
D2305	原谅自己	350	0	0	0	0	250	0	0	0	0
D2305-R602	原谅错误	350	0	0	0	0	250	0	0	0	0
D2305-R603	原谅遗憾	350	0	0	0	0	250	0	0	0	0
D2305-R604	原谅过去	350	0	0	0	0	250	0	0	0	0
D2305-R605	原谅身体	350	0	0	0	0	250	0	0	0	0
D2305-R606	原谅心灵	350	0	0	0	0	250	0	0	0	0
D2305-R607	原谅方式	350	0	0	0	0	250	0	0	0	0
D24	博爱	350	0	0	0	0	250	0	0	0	0
D2401	热爱	350	0	0	0	0	250	0	0	0	0
D2401-R608	热爱生命	350	0	0	0	0	250	0	0	0	0
D2401-R609	热爱世界	350	0	0	0	0	250	0	0	0	0
D2401-R610	热爱运动	350	0	0	0	0	250	0	0	0	0
D2401-R611	热爱美食	350	0	0	0	0	250	0	0	0	0
D2401-R612	热爱知识	350	0	0	0	0	250	0	0	0	0
D2401-R613	热爱文化	350	0	0	0	0	250	0	0	0	0
D2401-R614	热爱程度	350	0	0	0	0	250	0	0	0	0
D2401-R615	热爱祖国	350	0	0	0	0	250	0	0	0	0
D2401-R616	热爱方式	350	0	0	0	0	250	0	0	0	0
D2402	赞美	350	0	0	0	0	250	0	0	0	0
D2402-R617	赞美外貌	350	0	0	0	0	250	0	0	0	0
D2402-R618	赞美特质	350	0	0	0	0	250	0	0	0	0
D2402-R619	赞美方式	350	0	0	0	0	250	0	0	0	0
D2402-R620	赞美心灵	350	0	0	0	0	250	0	0	0	0
D2402-R621	赞美文化	350	0	0	0	0	250	0	0	0	0
D2402-R622	赞美世界	350	0	0	0	0	250	0	0	0	0
D2402-R623	赞美他人	350	0	0	0	0	250	0	0	0	0
D2403	理解	350	0	0	0	0	250	0	0	0	0
D2403-R624	理解观点	350	0	0	0	0	250	0	0	0	0
D2403-R625	理解文化	350	0	0	0	0	250	0	0	0	0
D2403-R626	理解分歧	350	0	0	0	0	250	0	0	0	0
D2403-R627	理解环境	350	0	0	0	0	250	0	0	0	0
D2403-R628	理解规律	350	0	0	0	0	250	0	0	0	0
D2403-R629	理解他人	350	0	0	0	0	250	0	0	0	0
D2403-R630	理解方式	350	0	0	0	0	250	0	0	0	0
D2404	包容	350	0	0	0	0	250	0	0	0	0
D2404-R631	包容观点	350	0	0	0	0	250	0	0	0	0
D2404-R632	包容他人	350	0	0	0	0	250	0	0	0	0
D2404-R633	包容分歧	350	0	0	0	0	250	0	0	0	0
D2404-R634	包容环境	350	0	0	0	0	250	0	0	0	0
D2404-R635	包容文化	350	0	0	0	0	250	0	0	0	0
D2404-R636	包容规律	350	0	0	0	0	250	0	0	0	0
D2404-R637	包容形式	350	0	0	0	0	250	0	0	0	0
D2405	保护	350	0	0	0	0	250	0	0	0	0
D2405-R638	保护历史	350	0	0	0	0	250	0	0	0	0
D2405-R639	保护文化	350	0	0	0	0	250	0	0	0	0
D2405-R640	保护环境	350	0	0	0	0	250	0	0	0	0
D2405-R641	保护生命	350	0	0	0	0	250	0	0	0	0
D2405-R642	保护差异	350	0	0	0	0	250	0	0	0	0
D2405-R643	保护法律	350	0	0	0	0	250	0	0	0	0
D2405-R644	保护国家	350	0	0	0	0	250	0	0	0	0
D2405-R645	保护家人	350	0	0	0	0	250	0	0	0	0
D2405-R646	保护方式	350	0	0	0	0	250	0	0	0	0
DD2	求知	350	0	0	0	0	250	0	0	0	0
D25	学习	350	0	0	0	0	250	0	0	0	0
D2501	阅读	350	0	0	0	0	250	0	0	0	0
D2501-R647	小说	350	0	0	0	0	250	0	0	0	0
D2501-R648	史籍	350	0	0	0	0	250	0	0	0	0
D2501-R649	杂志	350	0	0	0	0	250	0	0	0	0
D2501-R650	新闻	350	0	0	0	0	250	0	0	0	0
D2501-R651	科普	350	0	0	0	0	250	0	0	0	0
D2501-R652	学术著作	350	0	0	0	0	250	0	0	0	0
D2501-R653	哲学著作	350	0	0	0	0	250	0	0	0	0
D2501-R654	阅读习惯	350	0	0	0	0	250	0	0	0	0
D2502	分享	350	0	0	0	0	250	0	0	0	0
D2502-R655	传播	350	0	0	0	0	250	0	0	0	0
D2502-R656	咨询	350	0	0	0	0	250	0	0	0	0
D2502-R657	转发	350	0	0	0	0	250	0	0	0	0
D2502-R658	传授	350	0	0	0	0	250	0	0	0	0
D2502-R659	讲座	350	0	0	0	0	250	0	0	0	0
D2502-R660	安慰	350	0	0	0	0	250	0	0	0	0
D2502-R661	演讲	350	0	0	0	0	250	0	0	0	0
D2503	记忆	350	0	0	0	0	250	0	0	0	0
D2503-R662	文字记忆	350	0	0	0	0	250	0	0	0	0
D2503-R663	图像记忆	350	0	0	0	0	250	0	0	0	0
D2503-R664	身体记忆	350	0	0	0	0	250	0	0	0	0
D2503-R665	事件记忆	350	0	0	0	0	250	0	0	0	0
D2503-R666	情感记忆	350	0	0	0	0	250	0	0	0	0
D2503-R667	声音记忆	350	0	0	0	0	250	0	0	0	0
D2503-R668	味道记忆	350	0	0	0	0	250	0	0	0	0
D2503-R669	数字记忆	350	0	0	0	0	250	0	0	0	0
D2503-R670	位置记忆	350	0	0	0	0	250	0	0	0	0
D2504	计算	350	0	0	0	0	250	0	0	0	0
D2504-R671	数字计算	350	0	0	0	0	250	0	0	0	0
D2504-R672	图形计算	350	0	0	0	0	250	0	0	0	0
D2504-R673	程序计算	350	0	0	0	0	250	0	0	0	0
D2504-R674	统计计算	350	0	0	0	0	250	0	0	0	0
D2504-R675	心算计算	350	0	0	0	0	250	0	0	0	0
D2504-R676	感知计算	350	0	0	0	0	250	0	0	0	0
D2504-R677	推理计算	350	0	0	0	0	250	0	0	0	0
D2505	模仿	350	0	0	0	0	250	0	0	0	0
D2505-R678	模仿语言	350	0	0	0	0	250	0	0	0	0
D2505-R679	模仿行为	350	0	0	0	0	250	0	0	0	0
D2505-R680	模仿技能	350	0	0	0	0	250	0	0	0	0
D2505-R681	模仿情绪	350	0	0	0	0	250	0	0	0	0
D2505-R682	模仿角色	350	0	0	0	0	250	0	0	0	0
D2505-R683	模仿社会	350	0	0	0	0	250	0	0	0	0
D2505-R684	模仿艺术	350	0	0	0	0	250	0	0	0	0
D26	思考	350	0	0	0	0	250	0	0	0	0
D2601	回忆	350	0	0	0	0	250	0	0	0	0
D2601-R685	回忆观点	350	0	0	0	0	250	0	0	0	0
D2601-R686	回忆感受	350	0	0	0	0	250	0	0	0	0
D2601-R687	回忆事件	350	0	0	0	0	250	0	0	0	0
D2601-R688	回忆过去	350	0	0	0	0	250	0	0	0	0
D2601-R689	回忆知识	350	0	0	0	0	250	0	0	0	0
D2601-R690	回忆梦境	350	0	0	0	0	250	0	0	0	0
D2601-R691	回忆场景	350	0	0	0	0	250	0	0	0	0
D2601-R692	回忆地点	350	0	0	0	0	250	0	0	0	0
D2602	分析	350	0	0	0	0	250	0	0	0	0
D2602-R693	分析数据	350	0	0	0	0	250	0	0	0	0
D2602-R694	分析文字	350	0	0	0	0	250	0	0	0	0
D2602-R695	分析行业	350	0	0	0	0	250	0	0	0	0
D2602-R696	分析语言	350	0	0	0	0	250	0	0	0	0
D2602-R697	分析环境	350	0	0	0	0	250	0	0	0	0
D2602-R698	分析方法	350	0	0	0	0	250	0	0	0	0
D2602-R699	分析感受	350	0	0	0	0	250	0	0	0	0
D2602-R700	分析行为	350	0	0	0	0	250	0	0	0	0
D2602-R701	分析人性	350	0	0	0	0	250	0	0	0	0
D2603	反思	350	0	0	0	0	250	0	0	0	0
D2603-R702	反思事件	350	0	0	0	0	250	0	0	0	0
D2603-R703	反思分歧	350	0	0	0	0	250	0	0	0	0
D2603-R704	反思自己	350	0	0	0	0	250	0	0	0	0
D2603-R705	反思成败	350	0	0	0	0	250	0	0	0	0
D2603-R706	反思结果	350	0	0	0	0	250	0	0	0	0
D2603-R707	反思行为	350	0	0	0	0	250	0	0	0	0
D2603-R708	反思关系	350	0	0	0	0	250	0	0	0	0
D2604	判断	350	0	0	0	0	250	0	0	0	0
D2604-R709	判断价值	350	0	0	0	0	250	0	0	0	0
D2604-R710	判断事实	350	0	0	0	0	250	0	0	0	0
D2604-R711	判断预测	350	0	0	0	0	250	0	0	0	0
D2604-R712	判断行为	350	0	0	0	0	250	0	0	0	0
D2604-R713	判断情绪	350	0	0	0	0	250	0	0	0	0
D2604-R714	判断关系	350	0	0	0	0	250	0	0	0	0
D2604-R715	判断利益	350	0	0	0	0	250	0	0	0	0
D2604-R716	判断概率	350	0	0	0	0	250	0	0	0	0
D2605	总结	350	0	0	0	0	250	0	0	0	0
D2605-R717	总结规律	350	0	0	0	0	250	0	0	0	0
D2605-R718	总结利益	350	0	0	0	0	250	0	0	0	0
D2605-R719	总结事实	350	0	0	0	0	250	0	0	0	0
D2605-R720	总结价值	350	0	0	0	0	250	0	0	0	0
D2605-R721	总结结果	350	0	0	0	0	250	0	0	0	0
D2605-R722	总结教训	350	0	0	0	0	250	0	0	0	0
D2605-R723	总结成败	350	0	0	0	0	250	0	0	0	0
DD3	探索	350	0	0	0	0	250	0	0	0	0
D27	冒险	350	0	0	0	0	250	0	0	0	0
D2701	选择	350	0	0	0	0	250	0	0	0	0
D2701-R724	选择重要	350	0	0	0	0	250	0	0	0	0
D2701-R725	选择梦想	350	0	0	0	0	250	0	0	0	0
D2701-R726	选择渴望	350	0	0	0	0	250	0	0	0	0
D2701-R727	选择放弃	350	0	0	0	0	250	0	0	0	0
D2701-R728	选择感觉	350	0	0	0	0	250	0	0	0	0
D2701-R729	选择利益	350	0	0	0	0	250	0	0	0	0
D2701-R730	选择目标	350	0	0	0	0	250	0	0	0	0
D2702	尝试	350	0	0	0	0	250	0	0	0	0
D2702-R731	尝试新食物	350	0	0	0	0	250	0	0	0	0
D2702-R732	尝试新活动	350	0	0	0	0	250	0	0	0	0
D2702-R733	尝试新思维	350	0	0	0	0	250	0	0	0	0
D2702-R734	尝试新技能	350	0	0	0	0	250	0	0	0	0
D2702-R735	尝试新职业	350	0	0	0	0	250	0	0	0	0
D2702-R736	尝试新生活	350	0	0	0	0	250	0	0	0	0
D2702-R737	尝试新观点	350	0	0	0	0	250	0	0	0	0
D2702-R738	尝试新方法	350	0	0	0	0	250	0	0	0	0
D2703	博弈	350	0	0	0	0	250	0	0	0	0
D2703-R739	零和博弈	350	0	0	0	0	250	0	0	0	0
D2703-R740	非零和博弈	350	0	0	0	0	250	0	0	0	0
D2703-R741	完全信息博弈	350	0	0	0	0	250	0	0	0	0
D2703-R742	非完全信息博弈	350	0	0	0	0	250	0	0	0	0
D2703-R743	同时博弈	350	0	0	0	0	250	0	0	0	0
D2703-R744	顺序博弈	350	0	0	0	0	250	0	0	0	0
D2703-R745	协商博弈	350	0	0	0	0	250	0	0	0	0
D2703-R746	非协商博弈	350	0	0	0	0	250	0	0	0	0
D2704	信任	350	0	0	0	0	250	0	0	0	0
D2704-R747	信任自己	350	0	0	0	0	250	0	0	0	0
D2704-R748	信任他人	350	0	0	0	0	250	0	0	0	0
D2704-R749	互相信任	350	0	0	0	0	250	0	0	0	0
D2704-R750	信任忠诚	350	0	0	0	0	250	0	0	0	0
D2704-R751	信任国家	350	0	0	0	0	250	0	0	0	0
D2704-R752	信任文化	350	0	0	0	0	250	0	0	0	0
D2704-R753	信任法律	350	0	0	0	0	250	0	0	0	0
D2705	挑战	350	0	0	0	0	250	0	0	0	0
D2705-R754	挑战自己	350	0	0	0	0	250	0	0	0	0
D2705-R755	挑战他人	350	0	0	0	0	250	0	0	0	0
D2705-R756	挑战困难	350	0	0	0	0	250	0	0	0	0
D2705-R757	挑战极限	350	0	0	0	0	250	0	0	0	0
D2705-R758	挑战未知	350	0	0	0	0	250	0	0	0	0
D2705-R759	挑战技术	350	0	0	0	0	250	0	0	0	0
D2705-R760	挑战智力	350	0	0	0	0	250	0	0	0	0
D2705-R761	挑战权威	350	0	0	0	0	250	0	0	0	0
D28	进步	350	0	0	0	0	250	0	0	0	0
D2801	创新	350	0	0	0	0	250	0	0	0	0
D2801-R762	创新产品	350	0	0	0	0	250	0	0	0	0
D2801-R763	创新技术	350	0	0	0	0	250	0	0	0	0
D2801-R764	创新流程	350	0	0	0	0	250	0	0	0	0
D2801-R765	创新文化	350	0	0	0	0	250	0	0	0	0
D2801-R766	创新组织	350	0	0	0	0	250	0	0	0	0
D2801-R767	创新服务	350	0	0	0	0	250	0	0	0	0
D2801-R768	创新市场	350	0	0	0	0	250	0	0	0	0
D2801-R769	创新策略	350	0	0	0	0	250	0	0	0	0
D2802	假设	350	0	0	0	0	250	0	0	0	0
D2802-R770	描述假设	350	0	0	0	0	250	0	0	0	0
D2802-R771	关系假设	350	0	0	0	0	250	0	0	0	0
D2802-R772	因果假设	350	0	0	0	0	250	0	0	0	0
D2802-R773	比较假设	350	0	0	0	0	250	0	0	0	0
D2802-R774	未知假设	350	0	0	0	0	250	0	0	0	0
D2803	实验	350	0	0	0	0	250	0	0	0	0
D2803-R775	对照实验	350	0	0	0	0	250	0	0	0	0
D2803-R776	观察实验	350	0	0	0	0	250	0	0	0	0
D2803-R777	特定实验	350	0	0	0	0	250	0	0	0	0
D2803-R778	双盲实验	350	0	0	0	0	250	0	0	0	0
D2803-R779	单盲实验	350	0	0	0	0	250	0	0	0	0
D2803-R780	随机实验	350	0	0	0	0	250	0	0	0	0
D2803-R781	长期实验	350	0	0	0	0	250	0	0	0	0
D2804	考察	350	0	0	0	0	250	0	0	0	0
D2804-R782	科学考察	350	0	0	0	0	250	0	0	0	0
D2804-R783	历史考察	350	0	0	0	0	250	0	0	0	0
D2804-R784	文化考察	350	0	0	0	0	250	0	0	0	0
D2804-R785	知识考察	350	0	0	0	0	250	0	0	0	0
D2804-R786	探险考察	350	0	0	0	0	250	0	0	0	0
D2804-R787	未知考察	350	0	0	0	0	250	0	0	0	0
D2804-R788	生物考察	350	0	0	0	0	250	0	0	0	0
D2805	用心	350	0	0	0	0	250	0	0	0	0
D2805-R789	用心做事	350	0	0	0	0	250	0	0	0	0
D2805-R790	用心观察	350	0	0	0	0	250	0	0	0	0
D2805-R791	用心倾听	350	0	0	0	0	250	0	0	0	0
D2805-R792	用心感知	350	0	0	0	0	250	0	0	0	0
D2805-R793	用心推理	350	0	0	0	0	250	0	0	0	0
D2805-R794	用心关爱	350	0	0	0	0	250	0	0	0	0
D2805-R795	用心冥想	350	0	0	0	0	250	0	0	0	0
DD4	自我实现	350	0	0	0	0	250	0	0	0	0
D29	生命意义	350	0	0	0	0	250	0	0	0	0
D2901	价值	350	0	0	0	0	250	0	0	0	0
D2901-R796	自我价值	350	0	0	0	0	250	0	0	0	0
D2901-R797	关系价值	350	0	0	0	0	250	0	0	0	0
D2901-R798	社会价值	350	0	0	0	0	250	0	0	0	0
D2901-R799	人类价值	350	0	0	0	0	250	0	0	0	0
D2901-R800	文化价值	350	0	0	0	0	250	0	0	0	0
D2901-R801	未来价值	350	0	0	0	0	250	0	0	0	0
D2902	付出	350	0	0	0	0	250	0	0	0	0
D2902-R802	金钱付出	350	0	0	0	0	250	0	0	0	0
D2902-R803	时间付出	350	0	0	0	0	250	0	0	0	0
D2902-R804	情感付出	350	0	0	0	0	250	0	0	0	0
D2902-R805	行为付出	350	0	0	0	0	250	0	0	0	0
D2902-R806	知识付出	350	0	0	0	0	250	0	0	0	0
D2902-R807	身体付出	350	0	0	0	0	250	0	0	0	0
D2902-R808	思维付出	350	0	0	0	0	250	0	0	0	0
D2903	感恩	350	0	0	0	0	250	0	0	0	0
D2903-R809	感恩自然	350	0	0	0	0	250	0	0	0	0
D2903-R810	感恩生命	350	0	0	0	0	250	0	0	0	0
D2903-R811	感恩自己	350	0	0	0	0	250	0	0	0	0
D2903-R812	感恩家庭	350	0	0	0	0	250	0	0	0	0
D2903-R813	感恩社会	350	0	0	0	0	250	0	0	0	0
D2903-R814	感恩国家	350	0	0	0	0	250	0	0	0	0
D2903-R815	感恩宗教	350	0	0	0	0	250	0	0	0	0
D2904	牺牲	350	0	0	0	0	250	0	0	0	0
D2904-R816	牺牲时间	350	0	0	0	0	250	0	0	0	0
D2904-R817	牺牲生命	350	0	0	0	0	250	0	0	0	0
D2904-R818	牺牲自我	350	0	0	0	0	250	0	0	0	0
D2904-R819	牺牲家庭	350	0	0	0	0	250	0	0	0	0
D2904-R820	牺牲灵魂	350	0	0	0	0	250	0	0	0	0
D2904-R821	牺牲理想	350	0	0	0	0	250	0	0	0	0
D2904-R822	牺牲文化	350	0	0	0	0	250	0	0	0	0
D2904-R823	牺牲环境	350	0	0	0	0	250	0	0	0	0
D2905	实现	350	0	0	0	0	250	0	0	0	0
D2905-R824	实现价值	350	0	0	0	0	250	0	0	0	0
D2905-R825	实现使命	350	0	0	0	0	250	0	0	0	0
D2905-R826	实现目标	350	0	0	0	0	250	0	0	0	0
D2905-R827	实现责任	350	0	0	0	0	250	0	0	0	0
D2905-R828	实现义务	350	0	0	0	0	250	0	0	0	0
D2905-R829	实现承诺	350	0	0	0	0	250	0	0	0	0
D2905-R830	实现理想	350	0	0	0	0	250	0	0	0	0
D30	追求圆满	400	0	0	0	0	300	0	0	0	0
D3001	遵从内心	400	0	0	0	0	300	0	0	0	0
D3001-R831	遵从内心感受	400	0	0	0	0	300	0	0	0	0
D3001-R832	遵从内心选择	400	0	0	0	0	300	0	0	0	0
D3001-R833	遵从内心向往	400	0	0	0	0	300	0	0	0	0
D3001-R834	遵从内心简约	400	0	0	0	0	300	0	0	0	0
D3001-R835	遵从内心平静	400	0	0	0	0	300	0	0	0	0
D3001-R836	遵从内心声音	400	0	0	0	0	300	0	0	0	0
D3002	天人和一	400	0	0	0	0	300	0	0	0	0
D3002-R837	与自然合一	400	0	0	0	0	300	0	0	0	0
D3002-R838	与生灵合一	400	0	0	0	0	300	0	0	0	0
D3002-R839	与文化合一	400	0	0	0	0	300	0	0	0	0
D3002-R840	与心灵合一	400	0	0	0	0	300	0	0	0	0
D3002-R841	与感受合一	400	0	0	0	0	300	0	0	0	0
D3002-R842	与矛盾合一	400	0	0	0	0	300	0	0	0	0
D3003	此生无悔	400	0	0	0	0	300	0	0	0	0
D3003-R843	于己无悔	400	0	0	0	0	300	0	0	0	0
D3003-R844	于家无悔	400	0	0	0	0	300	0	0	0	0
D3003-R845	于人无悔	400	0	0	0	0	300	0	0	0	0
D3003-R846	于国无悔	400	0	0	0	0	300	0	0	0	0
D3003-R847	于生无悔	400	0	0	0	0	300	0	0	0	0
D3003-R848	于死无悔	400	0	0	0	0	300	0	0	0	0
D3004	因果循环	400	0	0	0	0	300	0	0	0	0
D3004-R849	是非因果	400	0	0	0	0	300	0	0	0	0
D3004-R850	对错因果	400	0	0	0	0	300	0	0	0	0
D3004-R851	得失因果	400	0	0	0	0	300	0	0	0	0
D3004-R852	成败因果	400	0	0	0	0	300	0	0	0	0
D3004-R853	爱恨因果	400	0	0	0	0	300	0	0	0	0
D3004-R854	生死因果	400	0	0	0	0	300	0	0	0	0
D3005	道法自然	400	0	0	0	0	300	0	0	0	0
D3005-R855	生死自然	400	0	0	0	0	300	0	0	0	0
D3005-R856	是非自然	400	0	0	0	0	300	0	0	0	0
D3005-R857	成败自然	400	0	0	0	0	300	0	0	0	0
D3005-R858	爱恨自然	400	0	0	0	0	300	0	0	0	0
D3005-R859	得失自然	400	0	0	0	0	300	0	0	0	0
D3005-R860	对错自然	400	0	0	0	0	300	0	0	0	0
